url,address,name,online_order,book_table,Dining(rate),Delivery(rate),Dining(votes),Delivery(votes),phone,location,rest_type,dish_liked,cuisines,approx_cost(for two people),reviews_list,menu_item,listed_in(type),listed_in(city)
https://www.zomato.com/mumbai/hugs-mugs-kharghar-navi-mumbai," Bhoomi Tower, Simran Residency Service Road, Kharghar, Navi Mumbai, Maharashtra 410210",Hugs & Mugs,Yes,Yes,4.2,4.1,1073,5665,"9324412141 , 8080412141","Kharghar, Navi Mumbai",Cafe,"Recommended ,Cakes ,All Day Breakfast ,Sweet Something ,Tea Time Cake And Cookies ,Cheese Cake Pastry ,I Like Big Cups And I Cannot Lie ,Green Tea ,Lets Chilli ,Sing The Salad Ballad ,Small Bites  ,Grilled ,Between Breads ,Love At First Slice ,Pasta ,Fusion Meal ,Grill It And Sizzle It ,High Protein Steaks ,Exclusive Combos ,Beverage Combos ,Dessert Combos .","Cafe, Italian, Continental, Fast Food, Bakery, Beverages, Desserts, Rolls","?1,000 for two people (approx.)","Had been there for breakfast. Tried sandwich, Paneer Bhurji + Toast , Cheeze garlic bread. Everything was tasty, portion was good and filling. Must try place if you are in or nearby Kharghar .2 .Packing can be better . 3.One of my favourite places in Kharghar. Awesome sandwiches . Their grilled chicken sandwich is very good .their pasta is also cheesy . Ambience is very cosy and friendly .",,Cafe,"Kharghar, Navi Mumbai"
https://www.zomato.com/mumbai/theobroma-kharghar-navi-mumbai,"Bhumi Tower, Plot 28, Shop 12, Sector 4, Kharghar, Navi Mumbai",Theobroma,Yes,No,N/A,4.4,N/A,2889,8182881881,"Kharghar, Navi Mumbai",Cafe,"Recommended ,Combos ,Brownies ,Cakes ,Pastries ,Desserts & Cupcakes ,Breads ,Tea Cakes ,Biscuits, Cookies & Crackers ,Sandwiches, Wraps & Rolls ,Croissants & Danishes ,Chocolates ,Puffs & Quiches ,Hot Beverages ,Cold Beverages .","Bakery, Fast Food, Rolls, Desserts, Beverages",?150 for one order (approx.),Bad packaging and Handling By Zomato . 2. Good Quality Brownies delivered .3. the delivery partner was very helpful. Gave an amazing service. thank you.,,Cafe,"Kharghar, Navi Mumbai"
https://www.zomato.com/mumbai/noto-healthy-ice-cream-kharghar-navi-mumbai/order,"Shop 39, Plot 28, Sector 4, Near Bhoomi Tower, Kharghar, Navi Mumbai",NOTO- Healthy ice cream,Yes,No,N/A,4,N/A,26,9004394092,"Kharghar, Navi Mumbai",,"Recommended ,Valentine's Day Limited Edition,Syrups - Zero Sugar, Low Calorie ,Mini Bites Zero Added Sugar,Vegan Ice Cream - Zero Added Sugar,Ice Cream - Low Calorie, High Protein 125ml ,Ice Cream - Low Calorie, High Protein 500ml ,Popsicles - Low Calorie, No Added Sugar .","Ice Cream, Desserts",?100 for one order (approx.),its just wowwwwww… 2. i add on a wishing card with this delivery but my hubby didn't get any card with it.I doesn't expect this from u . 3. ,,Delivery,"Kharghar, Navi Mumbai"
https://www.zomato.com/mumbai/a1-famous-dum-biryani-1-kharghar-navi-mumbai,"Shop 21, 22, 23, Hard Rock CHS, Sector 7, Kharghar, Navi Mumbai",A1 Famous Dum Biryani,Yes,No,3,3.7,443,6837,"9967772183 ,  8080805861 , 8767033384","Kharghar, Navi Mumbai",Mughlai restaurant,"Recommended ,Papad ,Rice & Biryani ,Noodles ,Starters ,Roasted Starter & Roll,Chicken Main Course Gravy ,Mutton Main Course Gravy ,Egg Main Course Gravy ,Sea Food Main Course Gravy ,Soups ,Sizzlers ,Family Pack & Party Order ,Veg Main Course Gravy ,Roti & Naan .","Mughlai, North Indian, Chinese",?700 for two people (approx.),"Biryani rice was very hard n food was cold didn’t enjoy sheer waste of money . 2. Biryani was just ok,spices are more than rice.i will not recommended to ant to buy from there . 3. rice was not cooked properly",,Dine-in ,"Kharghar, Navi Mumbai"
https://www.zomato.com/mumbai/the-tent-house-restaurant-kharghar-navi-mumbai,"Shop 21, Plot 28, Bhoomi Tower, Sec-4, Kharghar, Navi Mumbai",The Tent House Restaurant,Yes,No,3.2,3.9,7,181,9.18E+11,"Kharghar, Navi Mumbai",Restaurant,"Recommended,Soups ,Starters ,Main Course,Rice and Biryani,Fried Rice and Noodles ,Snacks ,Accompaniments .","Chinese, Biryani, North Indian",?200 for two people (approx.),"From the ordering and preparing…I called restaurant as my order was running late…restaurant didn’t picked my phone, not that from zomato. Also the food delivered, was not hot, shockingly bad experience?? . 2.excellent quality food but a little expensive. 3. overall good experience.. will order again .",,Dine-in ,"Kharghar, Navi Mumbai"
https://www.zomato.com/mumbai/myo-shake-kharghar-navi-mumbai/reviews,"Shop 7, Dhanshree CHS, Near Kamdhenu, Kharghar, Navi Mumbai",Myo Shake,Yes,No,N/A,3.3,N/A,217,9.19E+11,"Kharghar, Navi Mumbai",Italian Beverages,"Recommended ,Combination of fruits juices ,Chocolate Shakes ,Fruit Shakes ,Mocktails, mojito, Smoothies ,Burger and Sandwich ,Quick Bites ,Jars.","Beverages, Juices, Shake",?300 for two people (approx.),"I have ordered kiwi and virgin mojito, but these people sent both virgin mojito only.

and the taste very bad it's not virgin mojito also, waste of money . 2. Sugar was added even after instructions of not adding anything. 3. pls reduce water ratio.",,Dine-in ,"Kharghar, Navi Mumbai"
https://www.zomato.com/mumbai/village-12-20-pure-veg-kharghar-navi-mumbai,"Shop 19-23, Plot 1, Manomay CHS, Sector 35D, Kharghar, Navi Mumbai",Village 12-20 Pure Veg,Yes,No,4.2,3.9,839,10300,"912230151746 ,  +918850108464  ,  +918850121804","Kharghar, Navi Mumbai",Vegetarian restaurant,"Recommended,Combos ,Breakfast ,Soups and Salads ,Starters ,Indian Main Course,Oriental Main Course ,Breads ,Rice and Biryani ,Rice From The Globe ,Continental Dishes ,Fried Rice and Noodles ,Chinese ,Pizza and Pasta ,Baked Dishes ,Sides ,Accompaniments ,Desserts and Beverages .","North Indian, Chinese, South Indian, Fast Food, Continental, Mexican, Shake",?800 for two people (approx.),"I ordered two watermelon juice
But I got only one

Here I can blame this restaurant management because many times directly order this restaurant

Some of order faced same issue, same issue today those restaurant guy did today

Please take it serious action against them they are making fools to customer . 2.  super, yummy. 3. I went on Saturday, almost I wait more than 1.15 min for dinner outside the restaurant and when I asked them how much time it will take, staff reply was mere ko nhi maalum aada ghante bhi lag sakta h ya fir ek ganta very rude behavior the man who stand outside the restaurant who's give the parcel to zomatos guy's .",, Dine-in,"Kharghar, Navi Mumbai"
https://www.zomato.com/mumbai/pillais-cafe-1-kharghar-navi-mumbai,"Shop 13, Plot 83, Balaji Heritage, Sector 11, Kharghar, Navi Mumbai",Pillai's Café,Yes,No,N/A,4,N/A,440,9.17E+11,"Kharghar, Navi Mumbai",South Indian restaurant,"Recommended ,Idli / Wada ,Dosa ,Parota Special,Veg Starters ,Non Veg Starters ,Rice ,Biryani ,Pillai's Café Traditional Curries ,Pillai's Café Refreshing Hot Drinks ,Pillai's Café Refreshing Cold Drinks ,Combo ,Family Packs ,Sweets ,Addon's ,Drinks ,Pillai's Cafe Special Kali (Ragi Ball) .","South Indian, Chinese, Biryani, Beverages",?300 for two people (approx.),"Quantity of gravy wasn’t even enough for a single parotta . 2. Best experience in terms of food and ambience
We ordered masala dosa and lappa chicken parotha with chicken curry and both was delicious
Kudos to the chef for keeping the authenticity of the food
Keep up the good work . 3. It was one of my favourite places earlier..now the quality has degraded and the taste is also becoming bad
Sambar has become worst .",,Dine-in ,"Kharghar, Navi Mumbai"
https://www.zomato.com/mumbai/hotel-navaratna-shree-balaji-kharghar-navi-mumbai,"Plot E/100, Sector 12, Kharghar, Navi Mumbai",Hotel Navaratna Shree Balaji,Yes,No,2.9,4.1,9,694,9.19E+11,"Kharghar, Navi Mumbai",South Indian restaurant,"Recommended ,South Indian ,Special Loni [Makkhan],Drinks (Beverages) .

",South Indian,?150 for two people (approx.),"the delivery boy came really late. I mean,after an hour or so he came to deliver the food,but the food was tasty . 2. #foodiefat - Tried this place for the first time and really loved it specially the loni dosa just wowwww, dosa made with lots of loni it tasted so nice will surely order more from here . 3. Taste is going down day by day since they shifted thier location. Not like before . Getting worse.",, Dine-in,"Kharghar, Navi Mumbai"
https://www.zomato.com/mumbai/hotel-sai-pooja-kharghar-navi-mumbai,"13 - 15, Crystal Plaza, Hiranandani Complex, Sector 7, Kharghar, Navi Mumbai",Hotel Sai Pooja,Yes,No,3.1,3.9,178,2705,9.20E+11,"Kharghar, Navi Mumbai",Restaurant,"Recommended ,Snacks ,South Indian ,Fasting Specials ,Main Course ,Breads ,Rice and Biryani ,Soups,Chinese ,Fried Rice and Noodles ,Pizza ,Sandwiches ,Pav Bhaji ,Accompaniments ,Desserts and Beverages .","South Indian, Chinese, North Indian, Sandwich, Beverages, Desserts, Fast Food, Shake",?500 for two people (approx.),"hard to chew.
no softness . 2 . Testless 3.I had clearly mentioned that the items specially vada sambhar and dosa should be hot...but it is not it seems they have given the morning food only..not acceptable .",, Dine-in ,"Kharghar, Navi Mumbai"
https://www.zomato.com/mumbai/grace-kharghar-navi-mumbai,"Shop 15, Goodwill Paradise, Sector 15, Kharghar, Navi Mumbai",Grace,Yes,No,3.5,3.8,40,2084,"919969596430  ,  +919136071725","Kharghar, Navi Mumbai",Restaurant,"Recommended ,Breakfast ,Side Dish For Breakfast ,Meal ,Rice and Flavours ,Mallu Cravings ,Kappa and Combo ,Starters ,Main Course ,Indian Breads ,Biryani ,Indian Chinese ,Poth and Poth Only ,Eggetarian ,Snacks ,Drinks (Beverages) .","Kerala, North Indian, Chinese",?350 for two people (approx.),"good taste . 2.quantity is very less and taste is bad . 3. I've had good experiences from this restaurant earlier, but this time it was such a disappointment. Every item ordered turned out to be really bad. Please look into the quality of food prepared before sending it out to customers.",,Dine-in,"Kharghar, Navi Mumbai"
https://www.zomato.com/mumbai/bhuvika-bhavan-kharghar-navi-mumbai,"Shop G-57, Plot 18 to 27, C-Wing, Crystal Plaza, Sector 7, Kharghar, Navi Mumbai", Bhuvika Bhavan,Yes,No,N/A,4.2,N/A,597,9.18E+11,"Kharghar, Navi Mumbai",South Indian restaurant,"Recommended ,Tiffin ,Meals ,Thali ,South Indian ,Bevearges .",South Indian,?100 for one order (approx.),"Please avoid this place for ordering.food , they are not capable of delivering food on time . yet the accept order and take hours to prepare simple stuff. It is better that they dont accept orders , so that we can order from.some.other place . 2.Unresponsive is one big negative. An order for dahi vada remain un prepared even after one hour. When you call the restaurant they will not take your call so basically the customer has no clue about his order. 3. good.",,Delivery,"Kharghar, Navi Mumbai"
https://www.zomato.com/mumbai/cafe-monza-kharghar-navi-mumbai,"Plot 5/6, Bhoomi Heights, Opposite Sector 8, Kharghar, Navi Mumbai",Cafe Monza,Yes,No,4.6,4.1,3719,8499,9.19E+11,"Kharghar, Navi Mumbai",Café,"Recommended ,Soups and Salads ,Main Course ,Rice ,Pizza, Pasta and Risotto ,Burgers and Sandwiches ,Snacks ,Sides ,Desserts ,Drinks (Beverages) .","Fast Food, Mexican, Continental, Desserts, Beverages","?1,600 for two people (approx.)","Had ordered English breakfast , eggs benedict and burger
English breakfast - Not worth the price .. however the taste was good.. added sausages .. they were yum.. but for the price a normal English breakfast should include baked beans and hash browns too ..these we had to add for extra cost .. coffee too was machine one.. not too great ..
Similarly the bother and eggs benedict were completely average .. 2. The dip was missing with my burger
The buns were bad . 3. Great ordering from Cafe Monze over and over again.",,Cafe,"Kharghar, Navi Mumbai"
https://www.zomato.com/mumbai/food-coma-1-kharghar-navi-mumbai/order,"Shop 10, Suvrana Plot 13/14, Sector 7, Kharghar, Navi Mumbai",Food Coma,Yes,No,3.6,4.1,24,217,9.19E+11,"Kharghar, Navi Mumbai",Restaurant,"Recommended ,Momos ,Saucy Momos ,Kentucky Style Fried ,Kentucky Style Shrimp/Prawns ,PAV BHAJI Juhu Special ,All Day Sandwiches ,Shakes & Smoothies ,Food Coma Attractions ,Frankies and Rolls ,Sandwich Special Combos ,Add Extra With Everything ,HashBrowns .","Pizza, Sandwich, Momos, Rolls, Street Food, Beverages, Fast Food, Shake",?400 for two people (approx.),"Didnt sent Mayonnaise with both the Orders. 2. By far the best momos I had in terms of filling, it could have been crispier would have tasted better . 3. THE BEST TANDOORI MOMOS IN TOWN ARE HERE ??????????",, Dine-in ,"Kharghar, Navi Mumbai"
https://www.zomato.com/mumbai/oh-soy-kharghar-navi-mumbai/order,"Shop 7, Millennium Empire, D Mart Road, Sector 15, Kharghar, Navi Mumbai",Oh Soy,Yes,No,3.7,3.8,37,1752,9.19E+11,"Kharghar, Navi Mumbai",Asian restaurant,"Recommended ,Soups,Starters ,Main Course ,Rice,Noodles ,Drinks (Beverages) ,Desserts ,Momos ,Bao .
","Chinese, Thai, Japanese, Asian",?600 for two people (approx.),"The food was super bland, and compared to before, the quantity of veggies went down. There was chicken but no taste of anything. The only thing providing a bit of a flavour were the chillies.
Their food used to be so tasty but now it's becoming pathetic with every order. Their chefs need to be trained again to give us awesome food like before. Their starters taste like they've gone bad, and main course is crashing down in terms of taste.
Not ordering again from here until their reviews start improving.
Never expected such tasteless food from oh soy . 2. Zomato is day by day becoming a not reliable service to order from. This was the 3rd time a dish I ordered had gone bad and zomato just does not care.

voming to this place I have ordered from here quiet a few times and have always enjoyed the food but this time as well the chicken starter was not fresh and tasted pathetic. Noodles were good . 3. please properly fry the chicken lollypop the outer layer was very thick and uncooked kindly check while serving paneerKung Pau is awsm loved it .",,Dine-in,"Kharghar, Navi Mumbai"
https://www.zomato.com/mumbai/daawat-restaurant-kharghar-navi-mumbai/reviews,"Plot E/111, Nand Kirpa, Sector 12, Near Pooja Medical Store, Kharghar, Navi Mumbai",Daawat Restaurant,Yes,No,3.1,3.7,196,5141,9.18E+11,"Kharghar, Navi Mumbai",Mughlai restaurant,"Recommended ,Platters ,Soups ,Starters ,Main Course ,Breads ,Rice and Biryani ,Fried Rice and Noodles ,Snacks ,Accompaniments ,Desserts ,Drinks (Beverages) .","North Indian, Chinese, Mughlai, Seafood, Fast Food",?700 for two people (approx.),"not good . 2. it's totally vegetable Garvey you given as like panner masala.chiken pieces not cooked properly.next time I will not give any order to dawat .poor to poor quality. 3. worst serving and quality of food, felt like vommiting. ",, Dine-in,"Kharghar, Navi Mumbai"
https://www.zomato.com/mumbai/bhagat-tarachand-1-kharghar-navi-mumbai,"Plot 1, Pride Building, Utsav Chowk, Sector 7, Kharghar, Navi Mumbai",Bhagat Tarachand,Yes,No,3.8,4,218,4087,9.20E+11,"Kharghar, Navi Mumbai",North Indian restaurant,"Recommended ,Thali ,Starters ,Main Course ,Breads,Rice Varieties ,Quick Bites ,Accompaniments ,Chaat ,Desserts ,Drinks (Beverages) .","North Indian, Maharashtrian",?700 for two people (approx.),I order Paneer Biryani and this is all i get even pizza have more paneer topping then this biryani .  2. good . 3. Best quality food...and so delicious… .,,Dine-in ,"Kharghar, Navi Mumbai"
https://www.zomato.com/mumbai/behrouz-biryani-1-kharghar-navi-mumbai/order,"Shop 26 - 28 Simran Residency, Service Road Sector 7, Kharghar, Navi Mumbai",Behrouz Biryani,Yes,No,N/A,4,0,26,9.18E+11,"Kharghar, Navi Mumbai",Biryani restaurant,"Recommended ,Jashna-E-Behrouz (Kebab platter & beverage at Rs50),Shahi Biryani (serves 1) ,Shaan Biryani (serves 2) ,Alishaan Biryani (serves 4) ,Hyderabad-E-Khaas [Spicy] ,Dastaan-E-Kebab ,Bahaar (Extra Meat Biryanis) ,Royal Combos ,Biryani Combos ,Make Your Royal Feast,Shirin & Sherbet .","Biryani, Mughlai, Lucknowi, Hyderabadi, Kebab, North Indian, Desserts",?450 for one order (approx.),"horrible biryani in name of vegetables there are big pieces of carrots 2 pieces of rubbery paneer .shame in the name of shaan e subz biryani .rice covering it is stale and dry not fresh . 2. Worst taste, mutton was half cooked, low quality rice utilised entire Rs: 1600/- was waste, simply throwing in dustbin, we have been given cooking instructions even though delivered worst Biriyani . 3. I ordered a coca cola 475 ml with my order and they didn't deliver it. Also they don't pick up your call at all so that probably you can't even complain to them. ",,Delivery,"Kharghar, Navi Mumbai"
https://www.zomato.com/mumbai/swaraj-kharghar-navi-mumbai/order,"18/27, Crystal Plaza, Sector 7, Near Kharghar, Navi Mumbai, Kharghar, Navi Mumbai",Swaraj,Yes,Yes,3.9,3.8,280,1658,9.12E+11,"Kharghar, Navi Mumbai",Restaurant,"Recommended ,Soups and Salads ,Starters ,Main Course ,Breads ,Rice and Biryani ,Fried Rice and Noodles ,Pizzas ,Sandwiches ,Accompaniments ,Desserts and Beverages .","North Indian, Chinese, South Indian, Fast Food, Beverages, Shake",?650 for two people (approx.),"chicken was stale & rotten . 2.worst packing.
overrated restaurant. 3. very pathetic taste veg biryani and chicken biryani...plz my money is waste.......next time not given order.....very bad taste.....",,Dine-in ,"Kharghar, Navi Mumbai"
https://www.zomato.com/mumbai/pranaam-fine-dine-kharghar-navi-mumbai,"Shop 23 & 24, Utsav Chowk Central Park Road, Sector 12, Kharghar, Navi Mumbai",Pranaam Fine Dine,Yes,Yes,3.9,3.8,509,16300,9127746700,"Kharghar, Navi Mumbai",Restaurant,"Recommended ,Soup ,Indian Appetizers ,Chinese Appetizers ,Indian Main Course ,Indian Breads,Biryani & Rice ,Accompaniments ,Chinese Main Course ,Desserts ,Rice & Noodles ,Bestseller Combos .","North Indian, Chinese, Mughlai, Seafood, Thai",?850 for two people (approx.),"Felt like eating boiled noodles, and adding to this they missed to send shezwan chutney also.. 2. Delivery service was excellent. 3. delivery boy was suffering from cold n cough, it could be anything, be careful for the next time also didn't carry chages better delete the option COD as it is for show. ",,Dine-in,"Kharghar, Navi Mumbai"
https://www.zomato.com/mumbai/meraki-kharghar-navi-mumbai,"16, Balaji Aangan, 1, Near NIFT College, Sector 3, Kharghar, Navi Mumbai",Meraki,Yes,No,N/A,3.9,N/A,12500,9.18E+11,"Kharghar, Navi Mumbai",Chinese restaurant,"Recommended ,Soups ,Make Your Own Wok Box ,Meals ,Appetizers ,Gravies ,Rice ,Noodles,Drinks ,Desserts ,Extras ,Guilt Free .","Chinese, Thai, Burmese, Asian, Seafood, Fast Food",?300 for one order (approx.),"Inspite of calling and requestingfor cutlery. They did not send it. When I called back, the guy hung up before I could finish talking. I did not enjoy my meal. It was very hot. I had no time so it wasn't possible to eat noodles by hand. I HAD leave most of the food. The worst experience . 2. Tried the food . Loved it. One of my go to outlet s for food. 3.  food was really good and amazing as well. Highly appreciated it up guys always.food to them without any issues at all.",,Dine-in,"Kharghar, Navi Mumbai"
https://www.zomato.com/mumbai/hot-wok-kharghar-navi-mumbai,"Shop 20, Plot 28, Bhoomi Tower, Sector 4, Near ITM College, Kharghar, Navi Mumbai",Hot Wok,Yes,No,4.1,3.9,642,13800,9.18E+11,"Kharghar, Navi Mumbai",Chinese restaurant,"Recommended ,Soups ,Appetizers ,Main Course,Drinks (Beverages) ,Fried Rice And Noodles ,Hot Wok [Hot Boxes] [Serves 1] ,Appetizer [Non-Veg] .","Chinese, Thai, Asian",?800 for two people (approx.),"No salt !!!! Happened twice !! I still love it  . 2. i couldn't digest it and vomited next morning eating it. please don't use stale products, it can seriously harm someone
not going to order anything from here now . 3 .Excellent .",,Dine-in,"Kharghar, Navi Mumbai"
https://www.zomato.com/mumbai/shivs-veg-proud-3-kharghar-navi-mumbai,"Shop 1, Plot 3A, Ground Floor, Goodwill Infinity, Near Jesi Motar, Kharghar, Navi Mumbai",Shiv's Veg & Proud,Yes,No,2.9,3.7,14,932,9.17E+11,"Kharghar, Navi Mumbai",Fast food restaurant,"Recommended ,Combos ,Soups ,Starters ,Main Course ,Breads ,Rice and Biryani ,South Indian ,Fired Rice and Noodles ,Sandwiches ,Snacks ,Accompaniments ,Dessert .","North Indian, South Indian, Fast Food, Chinese, Mughlai, Maharashtrian",?600 for two people (approx.),delayed a lot . 2. Items missing . 3.  Street food taste better than this 3rd grade restaurant .,,Dine-in ,"Kharghar, Navi Mumbai"
https://www.zomato.com/mumbai/smokin-joes-kharghar-navi-mumbai/order,"16, Sector 19, Daffodils Apartment, Kharghar, Navi Mumbai",Smokin' Joe's,Yes,No,3.8,3.6,391,3383,9.20E+11,"Kharghar, Navi Mumbai",Pizza restaurant,"Recommended ,Veg Italian Pizza,Non Veg Italian Pizza ,Combos ,Pizzas ,Jain Pizzas ,Drinks (Beverages) ,Pizza Sandwich ,Super Side Orders .","Pizza, Fast Food, Italian, Beverages",?500 for two people (approx.),"Pizza was very nice however there is room for improvement. 2.Spicy food . 3. Servers are also great and always efficient, happy and polite. Love this place and will continue to visit.",,Dine-in ,"Kharghar, Navi Mumbai"
https://www.zomato.com/mumbai/suryoday-kharghar-navi-mumbai,"Shop 03/ 04, Plot 51-B, Mita Heights CHS, Sector 20, Opposite Ramseth Thakur School, Kharghar, Navi Mumbai",Suryoday,Yes,No,3.9,4,115,690,9.20E+11,"Kharghar, Navi Mumbai",Restaurant,"Recommended ,Soups and Salads ,Starters ,Sizzlers ,Main Course ,Fried Rice and Noodles ,Pasta ,Pizza ,Sandwiches ,Snacks ,Drinks (Beverages) ,Accompaniments ,Desserts .","North Indian, Chinese, South Indian, Fast Food, Shake",?500 for two people (approx.),Cholle was fresh and yummy Nice packaging what I loved was bhature very less oil in it nice soft and warm keep it up . 2. I received only 1 Aloo Paratha wherein I had ordered & paid for 2!!! . 3. Best hotel for vegetarians. Paneer shashlik sizzler is my personal favourite. Once suggestion please update the songs list which is played at the restaurant ?? .,,Dine-in ,"Kharghar, Navi Mumbai"
https://www.zomato.com/mumbai/cheelizza-india-ka-pizza-kharghar-navi-mumbai/order,"Shop 1A, Plot 184, Haawre Tiara Shopping Complex, Raghunath Vihar, Sector 13, Kharghar, Navi Mumbai",Cheelizza - India Ka Pizza,Yes,No,4,4.1,358,7788,9.12E+11,"Kharghar, Navi Mumbai",Pizza restaurant,"Recommended ,Great Offers-Buy One Get One Free ,Pizzas ,Guilt Free Pizza ,Rice ,Pastas ,Garlic Breads ,Nachos ,Pizza Fondue ,Stuff Crust Pizza ,Cheelizza Cold Beverages ,Desserts ,Fun Time Pizzas ,Dips ,Drinks (Beverages) ,Frenzy Fries ,Small Bites ,Ice Tea.","Pizza, Fast Food, Desserts, Beverages, Pasta",?500 for two people (approx.),"pizza was very nice however there is room for improvement . 2. disappointed with the quantity almost half of the box was empty . 3. i have been a fan of cheelizza for quite some time and have tried all there pastas they are amazing and I have no issues with the quality of food but the quantity has been decreased by a lot from the last time I had ordered, paying 229 and getting a small bowl of pasta doesn't make please have a look at it . ",, Dine-in ,"Kharghar, Navi Mumbai"
https://www.zomato.com/mumbai/el-tacos-kharghar-navi-mumbai/order,"Shop 3, Plot 9/12, Shah Royale Building, Sector 2, Opposite Glomax, Kharghar, Navi Mumbai",EL Tacos,Yes ,No,4,4.3,100,531,9.17E+11,"Kharghar, Navi Mumbai",Restaurant,"Recommended ,Tacos ,Bowls ,Burger'S ,Sub Sandwiches ,Torta [Mexican Street Sandwich] ,Snacks ,Fries ,Burritos ,Nachos ,Enchilada ,Quesadilla ,Dessert .","Mexican, Tex-Mex",?350 for two people (approx.),"Visited Restaurant
Very nice place and ambience was really great
Dishes very nice & tasty
Presentation was nice
Nice place to have authentic Mexican Food
Me with 3 other enjoyed food and ambience . 2. Bit more portion for heavy breakfast . 3. I am not a huge fan of mexican food but i loved this restaurant. The taste was amazing. We ordered Quesadillas and they were properly priced and super yum. The quality of their food is really good. It did take them an hour to deliver it but it was worth the wait. I look forward to trying more items.",,Dine-in ,"Kharghar, Navi Mumbai"
https://www.zomato.com/mumbai/tibbs-frankie-1-kharghar-navi-mumbai/order,"Shop 36, Plot 28, Bhumi Tower, Sector 4, Near ITM College, Kharghar, Navi Mumbai",Tibb's Frankie,Yes,No,N/A,3.9,N/A,969,9.18E+11,"Kharghar, Navi Mumbai",Restaurant,"Recommended ,Mega Savers ,Meat Lovers Pro ,Veggie Bonanza ,TIBB'S Curry Rice ,The Classics ,100% Veggies ,Meat Lovers ,Dessert ,Shikanji ,Drinks (Beverages) .","Rolls, Fast Food",?200 for one order (approx.),The Frankie just tastes not upto the mark. 2. good . 3. The Tawa paneer roll was lacking any sort of filling .. i have attached picture for reference... Tibbs used to be a name in Frankie's earlier .. Have known it since it's early outlet in vashi .. Alas only the name remains .  ,,Dine-in,"Kharghar, Navi Mumbai"
https://www.zomato.com/mumbai/burger-king-kharghar-navi-mumbai/order,"Shop 1 - 4, Ground Floor, Little World, Sector 2, Kharghar, Navi Mumbai",Burger King,Yes,No,3.6,4,4,1023,9.17E+11,"Kharghar, Navi Mumbai",Fast food restaurant,"Recommended ,Limited time Offer (FREE Fries) ,Whop-A-Coffee Combos ,King Deals ( Save Rs 74) ,New Kings Collection ,Home Delight Combos ,Friends & Family Combo ,Whopper ,BK Café ,High on Coffee Combos ,Meal Combos (Save Rs 45) ,Burgers & Wraps ,What's New,Sides ,Drinks (Beverages) ,Desserts ,Chicken Wings .","Burger, Fast Food, Street Food, Desserts, Beverages",?300 for two people (approx.),"I was so hungry I thought they will give me good food but I was scamed  . 2. Incomplete order received , received burger without tikki , taste watery bad  3. worth it ?? ",,Dine-in,"Kharghar, Navi Mumbai"
https://www.zomato.com/mumbai/wow-momo-kharghar-navi-mumbai/order,"Shop 19, Plot 28, Ground Floor, Bhoomi Towers, Sector 4, Kharghar, Navi Mumbai",WOW! Momo,Yes,No,3,4.2,12,1482,9.18E+11,"Kharghar, Navi Mumbai",Asian restaurant,"Today's Exclusive Dishes ,Recommended ,Wow! Wednesday,Bounce Back 2.1 Combos (Save Upto 45%) ,2022 Feast Up COMBOS,Chilli Momos (New Launch) ,Steam Momo ,Fried Momo ,Pan Fried Momo ,Butter Momo ,Tandoori Momo ,Burgers [Momo] ,Dessert ,Drinks (Beverages) .","Momos, Fast Food",?400 for two people (approx.),"Top layer was not cooked properly . 2.Pathetic food.... does not do justice to the name !!!! they should name it NOT so wow momos?????? the staff was very unprofessional they don't know what they are doing, they don't even know the name of the sauces used in momos.... Sauce was stale and had a very weird taste and smell .....very disappointed ????????  3. Stale food.",,Dine-in ,"Kharghar, Navi Mumbai"
https://www.zomato.com/mumbai/ugren-tea-time-treats-kharghar-navi-mumbai/order,"Shop 13, Ground Floor, Shubh Home Tower, Plot 78, Sector 20, Kharghar, Navi Mumbai",Ugren Tea Time Treats,Yes,No,N/A,4.3,N/A,53,9.20E+11,"Kharghar, Navi Mumbai",Bakery and Cake Shop,"Recommended ,Breads ,Cakes ,Cookies ,Desserts .","Bakery, Desserts",?100 for one order (approx.),"Such delicious indulgence??
Scrumptious pie ever had.
Can’t thank this restaurant for such amazing treats??. 2. ONE OF THE BEST APPLE PIE I HAD AFTER A LONG TIME and the orange cake was amazing aswell would definitely recommend it too my friends. 3. Loved the cookies that I had ordered the other day. They were really soft and delicious. Would definitely recommend others",,Delivery,"Kharghar, Navi Mumbai"
https://www.zomato.com/mumbai/charcoal-eats-biryani-beyond-kharghar-navi-mumbai/order,"310, 3rd Floor, Little World Mall, Kharghar, Navi Mumbai",Charcoal Eats - Biryani & Beyond,Yes ,No,3.8,3.7,304,3045,9.19E+11,"Kharghar, Navi Mumbai",Restaurant,"Today's Exclusive Dishes ,Recommended ,Rivaaz e Biryani (550 Gms, Serves 1) ,Dawat e Khas (Serves 1) - New Launch ,Mini Dawat (1100 Gms, Serves 2) ,Kebabs & Platter ,Dawat (2200 Gms, Serves 4) ,Musafir Rolls - 7 Inches ,Combo e Jashn (Upto 10 % Off),Humsafar (Accompaniments) .","Rolls, Kebab, Biryani",?500 for two people (approx.),"This place is elegant with an impressive menu. I ordered some Tawa chicken roll for breakfast and therefore the food was amazing. The service was speedy and friendly. they're completely incredible! .2.we tend to are thus lucky to own this place simply a number of minutes run off from home which might deliver us our favorite food anytime if the day. Food is stunning, each the rolls and biryani varieties. The tawa chicken roll and nautanki paneer makhani biryani. Love this place and can continue to order. 3.Outstanding meal here. I had the ordered food ANd my colleague couldn't stop praising.
The workers will an incredible job of delivering the food on time , everything on the menu is incredibly cool. Can’t wait to come back back!",,Dine-in ,"Kharghar, Navi Mumbai"
https://www.zomato.com/mumbai/maharashtra-lunch-home-kharghar-navi-mumbai/order,"Shop 22-24, Plot B2B, Gyaneshwari Building, Sector 12, Kharghar, Navi Mumbai",Maharashtra Lunch Home,Yes,No,4.4,4,640,6046,9.18E+11,"Kharghar, Navi Mumbai",Maharashtrian Restaurant,"Recommended ,Halka Fulka ,Starters ,Chinese Soup ,Chinese Veg Starter ,Indian Breads ,Chinese Chicken Starter ,Biryani & Rice ,Chinese Lamb Starter ,Main Course ,Chinese Seafood Starter,Momos ,Chinese Veg Main Course ,Main Course Sukka ,Chinese Non Veg Main Course ,Thalis ,Chinese Rice & Noodles ,Desserts ,Chinese One Meal Dish ,Drinks (Beverages) ,Kimchi Special ,Soups & Rassa ,Most Loved Combos .","North Indian, Maharashtrian, Malwani",?700 for two people (approx.),"Wowwww, that I can say for this food. Not only taste was amazingly good but also when food was reached to me, it was boling hot., ?? . 2.Everything was very good this time! Much appreciated. 3. Be more careful, and send sev from next time.",,Dine-in ,"Kharghar, Navi Mumbai"
https://www.zomato.com/mumbai/ghee-and-turmeric-kharghar-navi-mumbai/order,"Shop 16 and 17, Little World Mall, Plot 21, Sector - 02, Kharghar, Navi Mumbai",Ghee And Turmeric,Yes,No,N/A,3.8,N/A,804,9.20E+11,"Kharghar, Navi Mumbai",Indian restaurant,"Recommended ,Starters [100% Desi Ghee] ,Main Course [100% Desi Ghee] ,Breads & Rice ,Thali [100% Desi Ghee],Desserts [100% Desi Ghee] ,Drinks (Beverages) .","North Indian, Desserts, Beverages",?350 for one order (approx.),"From the ordering and preparing…I called restaurant as my order was running late…restaurant didn’t picked my phone, not that from zomato. Also the food delivered, was not hot, shockingly bad experience?? .2.excellent quality food but a little expensive . 3. overall good experience.. will order again . ",,Dine-in ,"Kharghar, Navi Mumbai"
https://www.zomato.com/mumbai/fatoush-kharghar-navi-mumbai,"Shop 36, Crystal Plaza, Hiranandani, Sector 7, Kharghar, Navi Mumbai",Fatoush,Yes,No,N/A,4.1,N/A,19500,9.18E+11,"Kharghar, Navi Mumbai",Fast food restaurant,"Today's Exclusive Dishes ,Recommended ,Shawarma ,Shawarma [ 8"" ] ,Burgers ,Momos ,Soups ,Starters ,Fried Rice and Noodles ,Combos ,Broasted Chicken .","Chinese, Fast Food, Lebanese",?150 for one order (approx.),"Recommended ,Shawarma ,Burger ,Sandwich ,Starters ,Others ,Biryani ,Zomato Exclusive Offer ,Cakes & Pastrys ,Juices .",, Dine-in,"Kharghar, Navi Mumbai"
https://www.zomato.com/mumbai/gupta-sandwiches-snacks-kharghar-navi-mumbai/order,"Shop 15 & 16,  Key Stone Alita Building, Dmart Road, Sector 15, Kharghar, Navi Mumbai",Gupta Sandwiches & Snacks,Yes,No,N/A,4,N/A,9441,9.20E+11,"Kharghar, Navi Mumbai",Sandwich shop,"Recommended ,Burgers and Sandwiches ,Appetizers ,Pizza ,Panini ,Drinks (Beverages) .","Fast Food, Sandwich, Panini, Beverages, Shake",?100 for one order (approx.),"Nice food?? .2.totally worst , thanx for west my money and my time too .3.Fraud restaurant .",,Dine-in ,"Kharghar, Navi Mumbai"
https://www.zomato.com/mumbai/chaatwich-kharghar-navi-mumbai/order,"Shop 1, Mita Height, Panvel City, Raigad, Kharghar, Navi Mumbai",Chaatwich,Yes,No,3.8,4,187,3791,9.18E+11,"Kharghar, Navi Mumbai",Fast food restaurant,"Recommended ,Fresh & Healthy Chaats ,Fresh & Healthy Pizza ,Fresh & Healthy Multigrain Rolls ,Fresh And Unique Sandwiches ,Fresh Toasted Sandwiches ,Fresh Grilled Sandwiches ,Assorted Party Boxes ,Others ,Fresh & Healthy Combos ,PEPSI Beverages ,New Years Special Combos .
","Sandwich, Pizza, Street Food, Fast Food",?400 for two people (approx.),have not followed instructions . 2. nice packing and taste. 3. Quality ok ?? ,,Dine-in ,"Kharghar, Navi Mumbai"
https://www.zomato.com/mumbai/hot-momos-kharghar-navi-mumbai,"Shop 14, Plot 13/14, Suvarna CHS, Sector 7, Kharghar, Navi Mumbai",Hot Momos,Yes,No,4,4.1,257,2632,9.19E+11,"Kharghar, Navi Mumbai",Chinese restaurant,"Recommended ,Momos ,Fried Rice and Noodles ,Chinese ,Soups .","Momos, Chinese",?250 for two people (approx.),we requested a replacement but they repeated the same packaging issue which probably means they didn't take the feedback seriously. 2. Tasteless . 3. Not properly boiled and cooked.,,Dine-in ,"Kharghar, Navi Mumbai"
https://www.zomato.com/mumbai/subway-kharghar-navi-mumbai,"1 & 2, Sai Swar Building, Near Little World Mall, Kharghar, Navi Mumbai",Subway,Yes,No,2.4,3.7,450,6451,9.17E+11,"Kharghar, Navi Mumbai",Sandwich shop,"Recommended ,Try New ,Sandwiches ,Signature Wraps ,Salads ,Breakfast Sandwich ,Sides ,Cookies and Dessert .","Healthy Food, Fast Food, Sandwich, Salad, Wraps, Beverages",?400 for two people (approx.),was just not what I asked for. very bad  2.I need my Refund for this 3. wrap wasn't so fresh.,,Dine-in ,"Kharghar, Navi Mumbai"
https://www.zomato.com/mumbai/faasos-wraps-rolls-1-kharghar-navi-mumbai/order,"Shop 26/28 Simran Residency, Service Road Sector 7, Kharghar, Navi Mumbai",Faasos - Wraps & Rolls,Yes,No,N/A,3.9,N/A,29,9.18E+11,"Kharghar, Navi Mumbai",Restaurant,"Recommended ,Thandai Gujiya Meals by LunchBox ,Breakfast & Evening Wrap Meals (Save Upto 20%),Chefs Special Wraps ,Super Saver Wrap Deals (Save Upto 40%) ,Pocket Friendly Rolls ,Classic Wraps ,Signature Wraps ,Wrap Meals for 1 (Save Upto 15%) ,Wrap Meals for 2 & 4 (Save Upto 25%) ,Wrap Meals for Kids ,Rice Bowls ,Sides And Beverages,Desserts .","Fast Food, Wraps, North Indian, Desserts, Beverages",?200 for one order (approx.),Bad… 2.not worthy,, Dine-in ,"Kharghar, Navi Mumbai"
https://www.zomato.com/mumbai/zaara-juice-kharghar-navi-mumbai/order,"Shop 4, Crystal Plaza, Hiranandani, Sector 7, Kharghar, Navi Mumbai",Zaara Juice,Yes,No,N/A,3.9,N/A,704,9.18E+11,"Kharghar, Navi Mumbai",Restaurant,"Today's Exclusive Dishes ,Recommended ,Juices ,Sandwiches ,Protein Shakes ,Desserts ,Drinks (Beverages),Pav Bhaji ,Pizza ,Tawa Pulao ,Fries .","Juices, Beverages, Ice Cream, Shake",?150 for one order (approx.),cheese is much less . 2. it was mango juice rather mango mastani .3.hope they will add some salads next time .,, Dine-in ,"Kharghar, Navi Mumbai"
https://www.zomato.com/mumbai/desi-flavours-kharghar-navi-mumbai/order,"Shop 1, Plot 11D, Nandini Society, Sector 20, Kharghar, Navi Mumbai",Desi Flavours,Yes,No,3.2,3.6,235,15200,9.12E+11,"Kharghar, Navi Mumbai",Hotel,"Recommended ,Curated Combos & Meals ,Soups ,Kebabs ,Biryanis ,Main Course ,Indian Breads & Rice ,From The Chinese Counter ,Rolls ,Desserts .","North Indian, Chinese, Mughlai",?700 for two people (approx.),"portion too small for a single person's apetite . 2. Very Bad Experience, Never order again from this restaurant. 3.fast service !! very prompt ! thanks ??",, Dine-in ,"Kharghar, Navi Mumbai"
https://www.zomato.com/mumbai/nic-natural-ice-creams-kharghar-navi-mumbai,"Shop 1, Jai Natraj Building, Near Trishul Building, Kharghar, Navi Mumbai",NIC - Natural Ice Creams,Yes,No,N/A,4.4,N/A,2419,9.19E+11,"Kharghar, Navi Mumbai",Ice cream shop,"Recommended ,Combos ,Ice Cream 100ML ,Ice Cream 500ML ,Ice Cream 750ML ,Kulfi .",Ice Cream,?100 for one order (approx.),"Good taste of ice cream but 30% ice cream and 70% dryfruits that's why I had thought when I was ate the ice cream what I am eating ice cream or dryfruits, not satisfied with order . 2. The ice cream is ok. Really shocked about the package. Received the ice cream box without any packing. Really sad to receive something like this I this time. It's about safety. 3.taste as per the price
reasonable and best in its range.",,Delivery,"Kharghar, Navi Mumbai"
https://www.zomato.com/mumbai/lucky-tawa-kharghar-navi-mumbai,"11, Crystal Plaza, Hiranandani Complex, Sector 7, Kharghar, Navi Mumbai",Lucky Tawa,Yes,No,N/A,3.7,N/A,4660,9.19E+11,"Kharghar, Navi Mumbai",Mughlai restaurant,"Recommended ,Indian Sea Food ,Lucky Shwarma ,Tandoor Ka Kamal ,Tawa Special ,Indian (Main Course ) ,Signature Dishes ,Bakra Mandi ,Lucky,S Biryani ,Indian Breads ,Dal,Soups ,Chinese Starters ,Chinese Rice ,Chinese Noodles ,Rice With Gravies ,Chinese Seafood ,Salads And Papad .","North Indian, Mughlai, Chinese",?250 for one order (approx.),"the worst butter chicken i ever had in my life. Sour gravy no chicken pieces and no taste of butter at all...please dont order from here… 2.chicken pieces in the gravy was black inside.
very disappointed with the taste today. 3.the chicken was not fresh and it smelled.",,Dine-in,"Kharghar, Navi Mumbai"
https://www.zomato.com/mumbai/the-nawaabs-kharghar-navi-mumbai/order,"Shop 23, Plot 28, Bhoomi Towers, Sector 4, Kharghar, Navi Mumbai",The Nawaabs,Yes,No,4.2,4,450,3286,9.19E+11,"Kharghar, Navi Mumbai",Awadhi Restaurant,"Recommended ,Roomali Rolls ,Weekend Specials ,Combos ,Biryani ,Tikka & Kebabs,Non-Veg Salan,Veg Curry ,Tawa ,Breads ,Dal ,Rice ,Sides ,Dessert ,Drinks (Beverages) .","Awadhi, North Indian, Mughlai, Biryani, Oriental",?500 for two people (approx.),"We are burning our fingers 2nd time, it’s good lesson for me. henceforth we will not order through zomoto as well as hotel also, because zomoto haven’t any responsibilities. 2.Amazing quality chicken tikka masala roll delivered. Awesome.food preparation and presentation was also great ??overall I had great experience. 3.Food price is very reasonable and they followed all Covid protocol properly. Awesome work by management. Thank you for providing such great quality food.",,Dine-in ,"Kharghar, Navi Mumbai"
https://www.zomato.com/mumbai/kimchi-asian-kitchen-by-maharashtra-lunch-home-kharghar-navi-mumbai/order,"Shop 17, Plot B-2-B & A 24, New Satara Cooperative Housing Society, Sector 12, Kharghar, Navi Mumbai",Kimchi Asian Kitchen By Maharashtra Lunch Home,Yes,No,3.7,3.8,40,1006,9.12E+11,"Kharghar, Navi Mumbai",Pan-Asian restaurant,"Recommended ,Kimchi Special ,Match Day Combos ,Soups ,Starters ,Main Course ,Fried Rice and Noodles ,Momos ,Snacks ,Desserts .","Chinese, Asian, Thai, Momos",?500 for two people (approx.),Yummy food from this restaurant all the time… .2. no sauce provided.. rice received with no salt 3. chicken piece was found in veg shezwan rice so the person was not able to eat as she was vegetarian.,,Dine-in,"Kharghar, Navi Mumbai"
https://www.zomato.com/mumbai/zohra-kharghar-navi-mumbai/order,"Shop 16 - 17, Plot 21, Simran Residency, Sector 7, Kharghar, Navi Mumbai",Zohra,Yes,No,3.9,4,802,21900,9.12E+11,"Kharghar, Navi Mumbai",Biryani restaurant,"Recommended ,Combos ,Sizzlers ,Soups ,Starters ,Main Course ,Breads ,Rice and Biryani ,Chinese ,Fried Rice ,Noodles ,Desserts .","North Indian, Mughlai, Chinese, Biryani, Desserts, Beverages",?800 for two people (approx.),"It was tasty but quantity is less.
Plane Rice was more and masala was more. 2.not expected from Zohra.. like other hotels just providing boil rice in fried rice.. after 8 long years now into 2 minds with zohra.. disappointed. 3.very tasty food .",,Dine-in,"Kharghar, Navi Mumbai"
https://www.zomato.com/mumbai/dadi-ka-khazana-kharghar-navi-mumbai/order,"Shop 14, Plot C1, Prime Mall Lane, Sector 12, Near Petrol Pump, Kharghar, Navi Mumbai",Dadi Ka Khazana,Yes,No,N/A,3.7,N/A,1981,9.19E+11,"Kharghar, Navi Mumbai",Rajasthani Restaurant,"Recommended ,All Day Breakfast ,Dadi Ka Khazana Special Thali ,Multi Grain Combos ,Paratha Combos ,Rice and Phulka Combos ,Main Course ,Soya Chaap Range ,Phulke, Plain Paratha, Baati, Multi Grain Roti ,Paratha Options ,Rice and Biryani ,Special Khichdi Section ,Wraps ,Poori Kachori ,Regional Delicacies ,Accompaniments ,Dessert and Beverages ,Bulk Order Section [1 litre Packing] .",North Indian,?100 for one order (approx.),taste less food half cooked rice .worst thali experience.. 2.paratha was uncooked and very hard. 3.wrong oder very bad attitude very bad food useless pathetic.,,Delivery,"Kharghar, Navi Mumbai"
https://www.zomato.com/mumbai/applemint-kharghar-navi-mumbai,"Shop 32, Hiranandani Crystal Plaza, Sector 7, Kharghar, Navi Mumbai",Applemint,Yes,No,N/A,0,N/A,2905,9.20E+11,"Kharghar, Navi Mumbai",Dumpling restaurant,"
Recommended ,Litti Chokha ,Soups ,Starters ,Breads,Fried Rice and Noodles ,Momos ,Platter Junction .","Chinese, North Indian, Momos",?150 for one order (approx.),quantity should be more 2. Moms where undercooked . 3. Wast Of Money Next Time I Will Order from NIGHT XPRESS RESTAURANT Low cost and Tasty.,,Dine-in ,"Kharghar, Navi Mumbai"
https://www.zomato.com/mumbai/al-baik-the-king-of-chicken-kharghar-navi-mumbai,"Shop 19, Swarna CHS, Sector 7, Kharghar, Navi Mumbai",Al Baik,Yes,No,N/A,N/A,N/A,N/A,9.12E+11,"Kharghar, Navi Mumbai",Fast food restaurant,N/A,"Fast Food, Mughlai, North Indian",?400 for two people (approx.),N/A,,Dine-in,"Kharghar, Navi Mumbai"
https://www.zomato.com/mumbai/malvan-tadka-kamothe-navi-mumbai/order,"17, Shubh Kalash Complex, Sector 35, Kamothe, Navi Mumbai",Malvan Tadka,Yes,No,3.9,3.8,319,3101,9.19E+11,"Kamothe, Navi Mumbai",Seafood restaurant,"Recommended ,Papad ,Salad ,Raita ,Tandoori ,Malwan Specials ,Indian ,Rice & Noodles ,Desserts & Beverage ,Soups ,Starters ,Breads ,Snacks .","Malwani, North Indian, Chinese, Mughlai",?800 for two people (approx.),very bad experience . 2.Very late delivery so bad food. 3.One piece chicken in 348 rupees ...Ek time Angrejo ne loota ab ye loot rhe.,,Dine-in ,"Kamothe, Navi Mumbai"
https://www.zomato.com/mumbai/the-chinese-bistro-kamothe-navi-mumbai/order,"Shop 5, Plot 1, Tharwani Krupa, Sector 6A, Kamothe, Navi Mumbai",The Chinese Bistro,Yes,No,3.9,3.8,179,1951,9.19E+11,"Kamothe, Navi Mumbai",Chinese restaurant,"Recommended ,Combos ,TCB Treats ,Soups ,Starters,Main Course ,Fried Rice And Noodles ,Drinks (Beverages) ,Mom's Wonton's & Rolls .",Chinese,?500 for two people (approx.),"lip smacking experience all the way. I am really happy with the service provided by them.
Just marvelous experience all over the world without any thoughts at all.. 2.This is one of the best restaurant for hungry ones
Quality and service was excellent
Quantity of the dish was totally unpredictable
The price of the dish was totally affordable.. . 3.Ordered chicken hakka noodles from this restaurant
Uses of spices and indegrenets are perfect
The price of the dish was totally affordable
Taste totally seems like it was home made dish
Restaurant is pocket friendly..",, Dine-in ,"Kamothe, Navi Mumbai"
https://www.zomato.com/mumbai/chinese-station-2-kamothe-navi-mumbai/order,"Shop 29/30/31, Sector 19, Plot 16/16A2, Precious Residency, KK Cinema Road, Kamothe, Navi Mumbai",Chinese Station,Yes,No,3.1,3.6,117,3998,9.17E+11,"Kamothe, Navi Mumbai",Chinese restaurant,"Recommended ,Soups ,Starters ,Main Course ,Fried Rice and Noodles ,Rice and Biryani ,Quick Bites ,Snacks .","Chinese, North Indian, Fast Food",?450 for two people (approx.),chiken lolipop too much hard spoil birthday party ?? . 2.good delivery by Mr shahaji .3.THE CHICKEN MANCHOW SOUP IS THE BEST 5 STAR RATING FOR IT. WHENEVER I FEEL LIKE HAVING SOUP THIS RESTAURANT IS MY FIRST CHOICE.,, Dine-in ,"Kamothe, Navi Mumbai"
https://www.zomato.com/mumbai/al-baik-kamothe-navi-mumbai,"Shop 16, Plot 34, Sector 12, Mumtaz Manzil, Kamothe, Navi Mumbai",Al Baik,Yes,No,3.2,3.9,51,1345,9.17E+11,"Kamothe, Navi Mumbai",Fast food restaurant,"Today's Exclusive Dishes ,Recommended ,Shawarma [ 6"" ] ,Shawarma [ 8"" ] ,Crispy Broasted Chicken ,Soups ,Starters ,Chinese Main Course ,Burgers ,Momos ,Combos .","Chinese, Fast Food, Lebanese",?400 for two people (approx.),good is ok but got delayed .2.poor taste and quality .3.nice taste affordable price.,, Dine-in ,"Kamothe, Navi Mumbai"
https://www.zomato.com/mumbai/the-village-kamothe-navi-mumbai/order,"Plot 25, Kohinoor Building, Sector 21, Kamothe, Navi Mumbai",The Village,Yes,No,3.5,3.9,221,1598,9.12E+11,"Kamothe, Navi Mumbai",North Indian restaurant,"Recommended ,Soups ,Starters ,Main Course ,Breads ,Rice and Biryani,Fried Rice and Noodles ,Malwani Semi Dry Dishes ,Accompaniments,Desserts and Beverages .","Mughlai, North Indian, Chinese, Seafood",?650 for two people (approx.),"please dont go here... toattaly money waste... food was salty and overcooked black,and waiter accepted that food is not good then also not taken any action. please dont go 400 Rs waste on single dish .2.pathetic taste chicken rara never have this big pieces they are tasteless waste of money do not order from this restaurant . 3.did not like the taste at all. its pathetic. I order chicken rara n thy sent something else. I know how chicken ra ra tastes n these people cheated.",, Dine-in ,"Kamothe, Navi Mumbai"
https://www.zomato.com/mumbai/masala-mantra-kamothe-navi-mumbai,"2, Plot 26, Satyam Arcade, Near Khandeshwar Railway Station, Kamothe, Navi Mumbai",Masala Mantra,Yes,No,3.1,3.8,95,1925,9.20E+11,"Kamothe, Navi Mumbai",Restaurant,"Recommended ,Soups ,Starters ,Main Course ,Breads ,Rice and Biryani ,Fried Rice and Noodles ,Chinese Dihses ,Accompaniments ,Drinks (Beverages) ,Quick Bites .","North Indian, Chinese, Mughlai, Kebab, Biryani",?500 for two people (approx.),"I ordered 2 dishes 1 chiken adraki kabab and chiken masala, both dishes are tasteless.
bakwasssss food
please don't ordered food from here. 2. very bad taste, utter waste of money . 3. Ordered dum biryani was incompletely cooked, all Masala items were just grinded and mixed. Rice even was of not fresh.",, Dine-in ,"Kamothe, Navi Mumbai"
https://www.zomato.com/mumbai/royal-darbar-kamothe-navi-mumbai/order,"Shop 1, Plot 81, System Height, Sector 19, Kamothe, Navi Mumbai",Royal Darbar,Yes,No,2.9,4,13,113,9.19E+11,"Kamothe, Navi Mumbai",North Indian restaurant,"Recommended ,Thali ,Soups ,Starters ,Main Course ,Breads ,Rice and Biryani ,Chinese ,Fried Rice and Noodles ,Snacks ,Accompaniments .","North Indian, Mughlai, Chinese, Kebab, Biryani",?550 for two people (approx.),"I think you increase the quantity and work on its taste to get better . 2.delivery guy was in time with mask..good . 3.it was best dish i ever had chicken masala properly cooked not too much oil ,will try fee more dishes ,i requested for green chillies which they accepted but don't provide.",, Dine-in ,"Kamothe, Navi Mumbai"
https://www.zomato.com/mumbai/hotel-royal-park-kamothe-navi-mumbai/order,"Shop 6, Plot 25A, Greenscape Royal Building, Near State Bank, Sector 7, Kamothe, Navi Mumbai",Hotel Royal Park,Yes,No,3.3,4,57,871,9.18E+11,"Kamothe, Navi Mumbai",North Indian restaurant,"Recommended ,Thali ,Soups ,Starters ,Main Course ,Breads ,Rice and Biryani ,Fried Rice and Noodles ,Snacks ,Accompaniments .","North Indian, Chinese, Biryani, Mughlai",?600 for two people (approx.),Overall dish quality was below average. Way of making it is also different but not that great.. 2.stale biryani pathetic taste no taste chicken pieces are tasteless . 3. taste is good only issue is with packaging.very ordinal plastic packing .,, Dine-in ,"Kamothe, Navi Mumbai"
https://www.zomato.com/mumbai/ashvita-kamothe-navi-mumbai/order,"Shop 5-7, Plot 20, Moreshwar Park, Kamothe, Navi Mumbai",Ashvita,Yes,No,3.4,3.8,77,1134,9.20E+11,"Kamothe, Navi Mumbai",Indian restaurant,"Recommended ,Chefs Special ,Soups ,Starters ,Main Course ,Breads ,Rice and Biryani ,Fried Rice and Noodles ,Snacks ,Accompaniments .","North Indian, Chinese, Seafood, Biryani",?600 for two people (approx.),Ordered for chicken salad see what I received very nice ?? and let me know if someone can eat this only full bowl of mayonnaise . 2. got one wrong order. 3. The Khichdi is too oily.,, Dine-in ,"Kamothe, Navi Mumbai"
https://www.zomato.com/mumbai/dominos-pizza-kamothe-navi-mumbai,"21, Ground Floor, Shivleela Complex, Sector 6A, Kamothe, Navi Mumbai",Domino's Pizza,Yes,No,3.5,4.2,268,7228,9.17E+11,"Kamothe, Navi Mumbai",Pizza restaurant,"Recommended ,Chicken Lovers Pizza ,New Launches ,Veg Pizza ,Non-Veg Pizza ,Meals & Combos ,Pizza Mania ,Speciality Chicken ,Sides ,Drinks (Beverages) ,Dessert .","Pizza, Fast Food, Desserts, Beverages",?400 for two people (approx.),"mashroom not added but I have to paid money . 2.we did not receive the pizza and we were not informed that the order was cancelled store manager Mr Jitendra was very impolite in his talk and was trying to argue unnecessarily.such a behavior from dominos is not accepted.
money is not being refund too. 3.very nice i like it.",,Dine-in,"Kamothe, Navi Mumbai"
https://www.zomato.com/mumbai/mandarin-oak-the-heavenly-chinese-kamothe-navi-mumbai/order,"Shop 21, Shree Chamunda Harmony, Sector 18, Kamothe, Navi Mumbai",Mandarin Oak- The Heavenly Chinese,Yes,No,N/A,3.6,N/A,2542,9.18E+11,"Kamothe, Navi Mumbai",Chinese restaurant,"Recommended ,Mandarin Gravies ,Desserts and Beverages.","Chinese, Mughlai, Fast Food",?300 for one order (approx.),"veg Manchurian Gravy was mixed with Veg Manchurian schezvan rice, which wasn't acceptable, if one wishes to Eat it without Gravy which isn't possible in premixed package . 2. I ordered through Zomato, the order was to be delivered within 45mins but they kept delaying the order over an hour.. when. I called them they said they had cancelled the order from their side and had not updated on app.. such poor and pathetic service.. will never waste my time ordering from here. 3. not properly packed. Soup was leaking when i received it.",,Delivery,"Kamothe, Navi Mumbai"
https://www.zomato.com/mumbai/ajwaa-kamothe-navi-mumbai/order,"Shop 21/22, Plot 33-34, Ground Floor, Grandeur CHS, Sector-20, Kamothe, Navi Mumbai",Ajwaa,Yes,No,3.8,3.8,131,305,9.19E+11,"Kamothe, Navi Mumbai",Restaurant,"Recommended ,Soups ,Starters ,Main Course ,Breads ,Rice and Biryani,Fried Rice and Noodles ,Rolls ,Shawarma ,Snacks .","Mughlai, Chinese, North Indian, Biryani, Lebanese",?450 for two people (approx.),please add some coupon so that the tax amount could be adjusted to some extent. 2.too late ....... had to wait such a long time. 3.Delivery Partner was awesome bt hotel service 8s very bad not satisfied.,,Dine-in,"Kamothe, Navi Mumbai"
https://www.zomato.com/mumbai/vanitas-lunch-home-kamothe-navi-mumbai/order,"Shop 8, Plot 16, Satyam Arcade, Sector 15, Kamothe, Navi Mumbai",Vanita's Lunch Home,Yes,No,3.7,3.5,123,5630,9.18E+11,"Kamothe, Navi Mumbai",Maharashtrian Restaurant,"Recommended ,Thali ,Main Course ,Breads ,Quick Bites ,Dessert and Beverages.","Maharashtrian, Street Food",?300 for two people (approx.),food quality is not good doesn't look vanita's veg thali. 2.portion can be increased . 3I order 2 tandul bhakari n they send me 1 bhakari n 2 chapati... they also not inform me .... very disappointed.,,Dine-in,"Kamothe, Navi Mumbai"
https://www.zomato.com/mumbai/box8-desi-meals-kamothe-navi-mumbai/order,"Shop 1, Ambe Shraddha, Sector 36, Near Kamothe, Navi Mumbai",Box8 - Desi Meals,Yes,No,N/A,3.9,N/A,3417,9.18E+11,"Kamothe, Navi Mumbai",Indian restaurant,"Recommended ,All-in-1 Thali Meals ,Desi Rice Bowls ,Desi Curries,Mini Thali Meals ,Dum Biryani ,Paratha Wraps ,Starters ,Desserts ,Sides & Drinks ,Ice creams by Globo .","North Indian, Sandwich, Biryani, Mughlai, Ice Cream, Desserts, Beverages",?200 for one order (approx.),"Taste wasn’t like theeka Meetha wings, I thought it would be like honey glazed crispy wings . 2.The desserts were up to the mark, keep it up, great taste and good packaging ??. 3.not worth of money. less qty Taste: medium. too costly.",,Delivery,"Kamothe, Navi Mumbai"
https://www.zomato.com/mumbai/durwa-1-kamothe-navi-mumbai,"Shop 15, Plot 2, Patel Plaza, Sector 17, Kamothe, Navi Mumbai",Durwa,Yes,No,3.8,3.9,232,9522,9.18E+11,"Kamothe, Navi Mumbai",Takeout restaurant,"Recommended ,Soups And Salads ,Starters ,Fried Rice And Noodles ,Main Course ,Rice And Biryani ,Seafood Dishes ,Breads ,Sweet ,Drinks (Beverages) ,Thali ,Accompaniments ,Signature Non Veg Dish .","North Indian, Chinese, Biryani, Malwani",?500 for two people (approx.),"paneer was not at all fresh . 2.very nice person, so politely and peaceful !. 3.worst dal khichdi daal rice mix karke de dia pura Pani tha daal.",,Dine-in,"Kamothe, Navi Mumbai"
https://www.zomato.com/mumbai/mojo-pizza-2x-toppings-kamothe-navi-mumbai/order,"Shop 1, Ambe Shraddha, Panvel City, Sector 36, Kamothe, Navi Mumbai",MOJO Pizza - 2X Toppings,Yes ,No,N/A,4.1,N/A,3180,9.18E+11,"Kamothe, Navi Mumbai",Pizza restaurant,"Recommended ,Big 10"" Pizzas | Veg [Serves 2-3],Big 10"" Pizzas | Non-Veg [Serves 2-3] ,Regular 7"" Pizzas | Veg [Serves 1] ,Regular 7"" Pizzas | Non-Veg [Serves 1] ,Starters ,Garlic Breads ,Desserts & Drinks ,Ice creams by Globo .","Pizza, Fast Food, Desserts, Beverages",?250 for one order (approx.),order was not which we ordered. 2.toppings are good Compare to other brands in Market but there is much more needed to Increase the taste of pizza...It's Fair not Fully happy with the product. 3. the pizza sauce was sore.,,Dine-in,"Kamothe, Navi Mumbai"
https://www.zomato.com/mumbai/oho-shawarma-1-kamothe-navi-mumbai/order,"Shop 3, Plot 09, Shanti Kunj, Sector 19, Kamothe, Navi Mumbai",Oho Shawarma,Yes,No,N/A,N/A,N/A,N/A,9.18E+11,"Kamothe, Navi Mumbai",Shawarma restaurant,"Recommended  ,Shawarmas ,Broasted Chicken ,Fries ,Platters & Combos ,Salads ,Drinks (Beverages) .",Lebanese,?150 for one order (approx.),N/A,,Delivery,"Kamothe, Navi Mumbai"
https://www.zomato.com/mumbai/gupta-panipuri-and-icecream-kamothe-navi-mumbai/order,"Shop 12, Plot 2, Patel Plaza, Sector 17, Kamothe, Navi Mumbai",Gupta Panipuri And Icecream,Yes,No,3.2,4.2,1,141,9.18E+11,"Kamothe, Navi Mumbai",Panipuri shop,"Recommended ,Snacks ,Desserts .","Street Food, Ice Cream",?200 for two people (approx.),"no any problem . 2.yummy....i like it ...?? . 3.not good kulfi.....not at all hygienic....hair strand found in Punjabi kulfi....the kulfi were not packed or sealed....not even wrapped
dont order from this place.....",,Delivery,"Kamothe, Navi Mumbai"
https://www.zomato.com/mumbai/amber-kamothe-navi-mumbai,"1/2, Plot 65, Sector 35, Kamothe, Navi Mumbai",Amber,Yes ,No,3.2,3.9,124,1438,9.20E+11,"Kamothe, Navi Mumbai",Chinese restaurant,"Recommended ,Soups ,Starters ,Fried Rice and Noodles ,Extras .",Chinese,?350 for two people (approx.),"hotel doesn't follow order properly.
very rude management.
please don't order in this restaurant . 2.Taste is very Chabukkkkkkkkkkkkk. 3.nice service ??.",,Dine-in,"Kamothe, Navi Mumbai"
https://www.zomato.com/mumbai/senthur-murugan-dosai-center-kamothe-navi-mumbai/order,"Shop 5, Plot 64, Silver Star, Sector 18, Kamothe, Navi Mumbai",Senthur Murugan Dosai Center,Yes ,No,N/A,4,N/A,149,9.20E+11,"Kamothe, Navi Mumbai",Restaurant,"Recommended ,Dosa ,Uttapam ,South Indian ,Puri Alu Masala .",South Indian,?50 for one order (approx.),wrong order delivered . 2.nice taste. 3.really good food and lovely idili.. just the same is too spicy for my taste bud over all good food.,,Delivery,"Kamothe, Navi Mumbai"
https://www.zomato.com/mumbai/desire-instant-chai-maza-aajaye-kamothe-navi-mumbai,"Shop 1, Plot 9, Shradha Haritage, Sector 7, Kamothe, Navi Mumbai",Desire Instant Chai Maza Aajaye,Yes,No,N/A,4,N/A,40,9.19E+11,"Kamothe, Navi Mumbai",Coffee shop,"Recommended ,Chai ,Breakfast ,Drinks (Beverages) .","Fast Food, Beverages, Tea",?50 for one order (approx.),"very good
keep up with the quality.
loved it. 2.Yea taste was good. But till the time it reaches the destination it becomes warm. So request to look into other alternative for packing. 3.Really Good.. loved the bun maska and Chai..",,Delivery,"Kamothe, Navi Mumbai"
https://www.zomato.com/mumbai/varhadi-misal-kamothe-navi-mumbai/order,"Plot 86/87, Shop 10, Awaas Building, Sector - 19, Kamothe, Navi Mumbai",Varhadi Misal,Yes,No,3.3,4,7,150,9.20E+11,"Kamothe, Navi Mumbai",Restaurant,"Recommended ,Dessert ,Varhadi Misal,Add On .",Maharashtrian,?200 for two people (approx.),"Spicy ?? and Tasty ??
Next time please provide sufficient Farsana which can imerse in the misal curry. 2.kachori taste was good. vada taste okok. 3.ordered first time from this place, content with the taste, right amount of spicy for the people who love to eat spice food. good quantity of rassa, missal.",,Dine-in,"Kamothe, Navi Mumbai"
https://www.zomato.com/mumbai/mirch-masala-kamothe-navi-mumbai,"Shop 3, 4 & 5, RB Complex, Sector 16, Kamothe, Navi Mumbai",Mirch Masala,Yes,No,3,N/A,22,N/A,9.20E+11,"Kamothe, Navi Mumbai",North Indian restaurant,"Recommended ,Our Specials,Soups ,Starters ,Main Course ,Breads ,Rice and Biryani ,Fried Rice and Noodles ,Snacks .","North Indian, Chinese, Mughlai, Malwani",?450 for two people (approx.),On of the best food good teasty fast take away service beryani teasty super ???????????? .2.I like the service of surrender and also give compliments to Santosh Shetty for great staff ..I enjoyed the service and the food also ..full satisfaction . 3.food is good but not soup. quantity is also less,,Dine-in,"Kamothe, Navi Mumbai"
https://www.zomato.com/mumbai/neelkanth-sweets-dry-fruits-kamothe-navi-mumbai/order,"7, Plot 5, Prem Amber, Sector 16, Kamothe, Navi Mumbai",Neelkanth Sweets & Dry Fruits,Yes,No,N/A,3.9,N/A,230,9.18E+11,"Kamothe, Navi Mumbai",Mithai Shop,"Recommended ,Sweets ,Bangali Sweets ,Dosa ,Chinese ,Sandwiches ,Pizza ,Roll ,Snacks ,Chaat ,Chole Bhature ,Pav Bhaji ,Farsan ,Drinks (Beverages) ,Dessert .","Mithai, Fast Food",?100 for one order (approx.),"Taste was good but packing need to be improved. 2.Super cold food delivered. Delivered before time, but no use.. Samosas were super cold!. 3.bad food not good quality.",,Delivery,"Kamothe, Navi Mumbai"
https://www.zomato.com/mumbai/south-aroma-kamothe-navi-mumbai/order,"Shop 1-2, Plot 22 A, Uma Shiv Corner CHS, Opposite Gokul Dairy, Sector 19, Kamothe, Navi Mumbai",South Aroma,Yes,No,3.8,3.8,21,360,9.20E+11,"Kamothe, Navi Mumbai",South Indian restaurant,"Recommended ,Breakfast ,Breakfast Combos ,Veg Soup ,Non Veg Soup ,Idli and Vada ,Starters ,Main Course ,Chinese Rice and Noodles ,Thali and Variety Rice ,Rice and Biryani Combo ,Breads .",South Indian,?300 for two people (approx.),Nice combination . 2.Money wasted bad taste idli sambhar is ok in taste. 3.great taste. Nice packing.,,Dine-in,"Kamothe, Navi Mumbai"
https://www.zomato.com/mumbai/lunchbox-meals-and-thalis-kamothe-navi-mumbai,"Shop 21, Shree Chamunda Harmony CHS Ltd, Sector 18, Kamothe, Navi Mumbai",LunchBox - Meals and Thalis,Yes,No,N/A,3.8,N/A,417,9.17E+11,"Kamothe, Navi Mumbai",Restaurant,"Recommended ,Holi Specials ,Breakfast Box ,Paratha Lunchbox ,Kulcha Bread Lunchbox- ,Basmati Rice Lunchbox ,Chapati Lunchbox ,Executive Lunchbox,Biryani Box ,North Indian Curries (Half KG) ,Classic Wraps (Powered by Faasos) ,Chinese Lunchbox,Festive Box [Savings upto 15%] ,Make Your Own Mini Meals (Savings Upto 30%) ,Upvas Specials,Breads and Accompaniments ,Starters and Beverages ,Desserts- .","North Indian, Fast Food, Wraps, Biryani, Desserts, Beverages",?200 for one order (approx.),"very stale n not expected such burnt n stale chapati s , have always ordered from lunch box but very disappointed this time
paid tax of a hundred rupees for almost 200rupees stale n burnt chapatis. Did you'll think you'll were feeding the dogs. 2.Paratha is missing... ??. 3.Horrible stale chapatis delivered.",,Delivery,"Kamothe, Navi Mumbai"
https://www.zomato.com/mumbai/kokan-katta-kamothe-navi-mumbai/order,"Shop 16, Plot 50 & 63-65, Silver Star CHSL, Sector 18, Kamothe, Navi Mumbai",Kokan Katta,Yes,No,3.5,3.5,108,3448,9.18E+11,"Kamothe, Navi Mumbai",Konkani restaurant,"Recommended ,Soups,Starters ,Main Course,Breads ,Rice and Biryani ,South Indian ,Chinese ,Fried Rice and Noodles,Snacks ,Accompaniments,Drinks (Beverages) .","Malwani, North Indian, Chinese, Seafood, Biryani",?700 for two people (approx.),"very poor taste. Not properly prepared. Tasteless stuff. 2.We gave them party order for 25 ppl. Mutton, Chicken and Veg Briyani were well cooked and neatly prepared. Also tandoori chicken and veg crispy was quite good. Taste was also satisfying. Our guest were happy with taste. We regularly order Malvani dishes and fish. It’s tasty. Keep the taste same. 3.food was stale, delivered stale and one steamed rice was missing from order.",,Dine-in,"Kamothe, Navi Mumbai"
https://www.zomato.com/mumbai/yaaran-di-kulfi-kamothe-navi-mumbai/order,"Shop 8, Plot 67/68, Moreshwar Complex, Sector 18, Kamothe, Navi Mumbai",Yaaran di Kulfi,Yes,No,N/A,4.3,N/A,1156,9.20E+11,"Kamothe, Navi Mumbai",Ice cream shop,"Recommended ,Zomato Exclusive Combos ,Candy Kulfi ,Slice Kulfi ,Matka Kulfi ,Falooda .","Desserts, Ice Cream",?50 for one order (approx.),"Street falooda is better than yaaran di falooda ...taste was not great at all… .2. Al their kulfi's r reasonable and tastes best, my personal favourite is paan kulfi. Hope they bring more varieties in kulfi. 3.the butterscotch candy was delicious, so was the falooda.",,Delivery,"Kamothe, Navi Mumbai"
https://www.zomato.com/mumbai/bombay-burgers-kamothe-navi-mumbai/order,"Shop 4, Plot 9, Shanti Kunj CHS, Sector 19, Kamothe, Navi Mumbai",Bombay Burger's,Yes,No,3.1,4.1,2,107,9.17E+11,"Kamothe, Navi Mumbai",Fast food restaurant,"Recommended ,Burgers ,Bucket ,Rolls/Frankie/Wraps ,Pizza's ,Crispy Fried Momos ,Chicken Snacks .","Burger, Pizza, Rolls, Fast Food",?300 for two people (approx.),"Ordered Chesse Fries and burger tasty ?? do order

Pocket friendly
Variety of menu
Service is good
Worth to money
Quality is good
patty is fresh. 2.Quantity was good, but taste was compromised. It was tasteless. 3.Portion sucks, the size of momos is very small, the bun of Burger was not fresh also the burger did not taste good.",,Dine-in,"Kamothe, Navi Mumbai"
https://www.zomato.com/mumbai/merwans-cake-stop-old-panvel-navi-mumbai/order,"Shop 16, Plot 125/A, Neelkanth Darshan, Old Panvel, Navi Mumbai",Merwans Cake Stop,Yes,No,N/A,4.3,N/A,258,9.12E+11,"Kamothe, Navi Mumbai",Cake shop,"Recommended ,Cakes ,Pastries ,Desserts .","Bakery, Desserts, Fast Food, Rolls, Pizza, Beverages",?50 for one order (approx.),average taste...dried spunge...not worth the money .2.Thanks for lovely cake ??. 3.what kind of message do you even write or don't you check how it should be? idk if it's the restaurant fault or delivery person but clearly both of them could have been in sync to make sure it is delivered as per asked.,,Delivery,"Kamothe, Navi Mumbai"
https://www.zomato.com/mumbai/kwality-walls-frozen-dessert-and-ice-cream-shop-2-kamothe-navi-mumbai,"Shop 3, Plot 25E/25F, Jai Ganraj, Building, Sector 07, Kamothe, Navi Mumbai",Kwality Wall’s Frozen Dessert and Ice Cream Shop,Yes,No,N/A,4.5,N/A,325,9.20E+11,"Kamothe, Navi Mumbai",Ice cream shop,"Cake,Ice Cream,Desserts","Ice Cream, Desserts",?100 for one order (approx.),good taste. 2.Quality wise superb. 3.superb they provide me the ice bag too that was really grate and loved the dilvery.,,Delivery,"Kamothe, Navi Mumbai"
https://www.zomato.com/mumbai/bangalore-iyangars-bakery-kamothe-navi-mumbai/order,"Shop 8 & 9, Plot 122, Near Mayur Park Building, Sector 36, Kamothe, Navi Mumbai",Bangalore Iyangar's Bakery,Yes,No,N/A,3.6,N/A,42,9.19E+11,"Kamothe, Navi Mumbai",Bakery and Cake Shop,"Recommended ,Cakes and Pastries ,Desserts ,Snacks .","Bakery, Fast Food, Desserts",?50 for one order (approx.),make sure you read the order properly and deliver the order. 2.cake was totally spread even name not showing this cake I am very disappointed. 3.name on cake was not right also design not that i was expected.,,Delivery,"Kamothe, Navi Mumbai"
https://www.zomato.com/mumbai/cafe-creme-kamothe-navi-mumbai,"11-12, Kunj Comlex, Sector 11. Plot No 47, Kamothe, Navi Mumbai",Cafe Creme,Yes,No,2.9,4,33,350,9.20E+11,"Kamothe, Navi Mumbai",Coffee shop,"Recommended ,Burgers and Sandwiches ,French Fries with Pizza ,Pasta ,Momos ,Wrap ,Nachos ,Nuggets ,Kuka ,Ice Cream ,Junket ,Choco Cremes ,Chocolate Exclusive and Brownie ,Creme Shakes ,Creme Mastani .","Cafe, Desserts",?300 for two people (approx.),"I've visited this cafe almost every other day during college times, their well known for their Kuka's - which is thick cold coffee

I've had Kuka which crush which is thick cold coffee with chocolate shavings, its enough for one person

Their other items are also good but one must go foe their kuka variety. 2.French fries so less in quantity and shakes I have ordered 2 but is seems to be 1 divided into .  3.quantity very less compare as money m not happy with this food.",,Dine-in,"Kamothe, Navi Mumbai"
https://www.zomato.com/mumbai/malvani-days-kharghar-navi-mumbai/order,"Shop 1 & 2, Tharwani Heritage, Sector 7, Kharghar, Navi Mumbai",Malvani Days,Yes,No,4.1,3.9,241,1198,9.18E+11,"Kharghar, Navi Mumbai",Seafood restaurant,"Recommended ,Indo-Chinese ,Thali ,Soups ,Starters ,Seafood Dishes ,Maharashtrian Dishes ,Biryani ,Main Course,Rice ,Breads ,Accompaniments ,Drinks (Beverages) ,Dessert .","Seafood, Biryani, Beverages, North Indian, Malwani, Maharashtrian",?700 for two people (approx.),"you have not send me the takha curd rice .2.Best Malvani Cuisine in the entire area
Chicken Sagoti was just perfectly authentic and just the way it should be
Prawns koshimbir was Soo good with the perfect flavours of onion tomato coconut and fresh prawns
Bangda fry has good hint of ginger garlic lemon was full of flavours and perfectly crispy
Very fresh sea food. 3.Friend suggested me to order from Malvan days
This restaurant is the most famous malvani restaurant in entire kharghar
Surmai thali
Bombil fry
Crab soup
Lollipop
Prawn biryani
Each and every thing was full of perfection and flavours
Best Malvani food I have eaten.",,Dine-in,"Kharghar, Navi Mumbai"
https://www.zomato.com/mumbai/sukh-sagar-family-restaurant-kalamboli-navi-mumbai,"Shop 20, Plot 43 A/44 A, Neelkanth Heights, Sector 16, Roadpali, Kalamboli, Navi Mumbai",Sukh Sagar Family Restaurant,Yes,No,3.4,3.8,24,1374,9.18E+11,"Kalamboli, Navi Mumbai",Vegan restaurant,"Recommended ,Main Course ,Starters ,Breads ,Rice and Biryani ,Fried Rice and Noodles ,Sandwiches ,Snacks ,Accompaniments ,Soups and Salads ,Desserts and Beverages .","South Indian, North Indian, Chinese, Fast Food",?600 for two people (approx.),I ordered idli from this place. Its not worth it. The sambhar was like tomato juice. The idli was not filling at all. It was too thin. Its not worth the price. The packaging was fine but i will probably never order from here again. 2.The juice was horrible. I am not even tryin pav bhaji. Need full refund now. 3.tasty food.,,Dine-in,"Kalamboli, Navi Mumbai"
https://www.zomato.com/mumbai/big-bowl-company-kharghar-navi-mumbai/order,"13, 14, Ground Floor, Siddhivinayak Residency, Sector 20, Kharghar, Navi Mumbai",Big Bowl Company,Yes,No,N/A,3.5,N/A,321,9.12E+11,"Kharghar, Navi Mumbai",Restaurant,"Recommended ,Chef's Specials ,Newly Launched ,Starters & Soup ,Momos (Dumplings) ,Biryani Bowls ,Indian Bowls ,Chinese Bowls ,Drinks & Desserts.","Chinese, Beverages",?250 for one order (approx.),"it was not spicy at all. 2.Super taste. 3.PATHETIC!!!
Ordered Mutton Biriyani last week and it is the worst ever Biriyani I had.

1. The rice was as sweet as it could be.
2. The mutton pieces were as hard as it was kept in refrigerator for many days.
3. The entire flavour of rice was like raw milk.

Never going to order any dish from this restaurant.

",,Delivery,"Kharghar, Navi Mumbai"
https://www.zomato.com/mumbai/suryoday-kharghar-navi-mumbai/order,"Shop 03/ 04, Plot 51-B, Mita Heights CHS, Sector 20, Opposite Ramseth Thakur School, Kharghar, Navi Mumbai",Suryoday,Yes ,No,3.9,4,116,691,9.20E+11,"Kharghar, Navi Mumbai",Restaurant,"Recommended ,Soups and Salads ,Starters ,Sizzlers ,Main Course ,Roti ,Rice and Biryani,Fried Rice and Noodles ,Sandwiches ,Snacks ,Drinks (Beverages),Accompaniments ,Desserts .","North Indian, Chinese, South Indian, Fast Food, Shake",?500 for two people (approx.),Cholle was fresh and yummy Nice packaging what I loved was bhature very less oil in it nice soft and warm keep it up. 2.I received only 1 Aloo Paratha wherein I had ordered & paid for 2!!!. 2.Best hotel for vegetarians. Paneer shashlik sizzler is my personal favourite. Once suggestion please update the songs list which is played at the restaurant ??.,,Dine-in,"Kharghar, Navi Mumbai"
https://www.zomato.com/mumbai/the-j-kharghar-navi-mumbai/order,"35, Bhoomi Tower, Sector 4, Near ITM College, Kharghar, Navi Mumbai",The J,Yes,No,3.5,4.2,4,2523,9.20E+11,"Kharghar, Navi Mumbai",Fast food restaurant,"Recommended ,Vegetarian Fries,Non-Vegetarian Fries ,Shakes,Burgers ,Sides ,Drinks (Beverages) .","Fast Food, Beverages, Shake, Burger",?400 for two people (approx.),"fries were soggy, and cold. 2.The quality was so less. 3.I didn't got nachos.",,Dine-in,"Kharghar, Navi Mumbai"
https://www.zomato.com/mumbai/baskin-robbins-1-kharghar-navi-mumbai/order,"322, Food Court, Little World Mall, Sector 2, Kharghar, Navi Mumbai",Baskin Robbins,Yes,No,2.6,4.5,23,545,9.12E+11,"Kharghar, Navi Mumbai",Ice cream shop,"Recommended ,Winter wonderland,BR X Hershey's ,Scoops ,Homepacks ,Ice cream Cakes,Sundaes, Waffles & Brownie ,Ice Cream Sandwich ,Twin combo packs at special prices(10% off) .",Ice Cream,?300 for two people (approx.),Delivered without proper packing. 2.Quantity as mentioned for my order was 500 ml each. Both put together was 500 ml after I had opened the box. Disappointing quantity. 3.Disgusted with their service. Had placed an order for 1 litre pack and they had the audacity to send a 700ml pack. Huge thanks to the invalid phone no. they provide on their sites to keep doing these scams.,,Dine-in,"Kharghar, Navi Mumbai"
https://www.zomato.com/mumbai/kolkata-kebabs-rolls-kamothe-navi-mumbai,"Shop 9, Plot 10, Krishna Apartment, Sector 36, Kamothe, Navi Mumbai",Kolkata Kebabs & Rolls,Yes,No,2.9,3.7,54,1808,9.18E+11,"Kamothe, Navi Mumbai",Fast food restaurant,"Recommended,Zomato Exclusive Combos ,Rolls ,Meals .","Rolls, North Indian",?300 for two people (approx.),I tried double egg chicken roll from this place and I must say that the taste of roll was really good.  2.want refund.  3.next time i want more spice??????.,,Dine-in,"Kamothe, Navi Mumbai"
https://www.zomato.com/mumbai/zakkas-misal-express-kamothe-navi-mumbai/order,"Plot 28, Shop 29, Sheetal Dhara CHS, Sector 7, Kamothe, Navi Mumbai",Zakkas Misal Express,Yes,No,N/A,N/A,N/A,N/A,9.20E+11,"Kamothe, Navi Mumbai",Restaurant,"Misal ,Snacks,Dessert .","Maharashtrian, Street Food",?50 for one order (approx.),N/A,,Dine-in,"Kamothe, Navi Mumbai"
https://www.zomato.com/mumbai/shree-gurukrupa-kalamboli-navi-mumbai/order,"117A, Near Warehouse Complex, Kalamboli, Navi Mumbai",Shree Gurukrupa,Yes,No,3,3.8,41,1641,9.12E+11,"Kalamboli, Navi Mumbai",South Indian restaurant,"Recommended,Combos ,Soups ,Main Course ,Breads ,Rice and Biryani,South Indian Dishes ,Fried Rice and Noodles ,Pizza ,Sandwiches ,Snacks and Chaat ,Pav Bhaji ,Accompaniments ,Desserts and Beverages .","South Indian, North Indian, Fast Food, Chinese, Beverages, Shake",?500 for two people (approx.),person delivered order had not returned remaining balance. 2.Quantity was good but the juice was too sugary! Lessen the amount of sugar powder that you add please!.  3. 1 chapati was not there.,,Dine-in,"Kalamboli, Navi Mumbai"
https://www.zomato.com/mumbai/rasam-only-veg-restaurant-kalamboli-navi-mumbai/order,"Shop 10 & 11, Plot 4, Neelsiddhi Amratne, Phase 2, Sector 9E, Roadpali, Kalamboli, Navi Mumbai",Rasam Only Veg Restaurant,Yes,No,3.3,3.9,55,1087,9.18E+11,"Kalamboli, Navi Mumbai",South Indian restaurant,"Recommended ,Combo and Thali,Soups ,Starters ,Main Course ,Breads ,Rice and Biryani ,South Indian Dishes ,Fried Rice and Noodles ,Sandwiches ,Snacks ,Pav Bhaji ,Accompaniments ,Dessert and Beverages .","South Indian, Chinese, North Indian, Fast Food, Street Food, Shake",?600 for two people (approx.),Very bad restaurant. Not at all following cooking instructions. 2.Worst experience so far in my online ordering . Don’t ever order from here. 3.The worst pavbhaji ever I ate. The bhaji is having small kankars which is again very very unhygienic.,,Dine-in,"Kalamboli, Navi Mumbai"
https://www.zomato.com/mumbai/fire-bowl-chinese-kalamboli-navi-mumbai/order,"Shop 10, Plot A/16, Maruti Cresent Building, Sector 14, Kalamboli, Navi Mumbai",Fire Bowl Chinese,Yes,No ,3.6,3.6,75,1284,9.20E+11,"Kalamboli, Navi Mumbai",Chinese restaurant,"Recommended,Soups ,Starters ,Gravy ,Rice And Noodles .","Chinese, Fast Food",?500 for two people (approx.),awesome. keep rocking stay amazing. ????. 2.I just got 1 chicken fried rice but I had ordered chicken chilli with choice rice.  3.The worst Chinese I had the misfortune of ever tasting….,,Dine-in,"Kalamboli, Navi Mumbai"
https://www.zomato.com/mumbai/karbhareen-misal-kharghar-navi-mumbai/order,"Shop 16, Ground Floor, Yash Nagri Chs Ltd, Kharghar, Navi Mumbai",Karbhareen Misal,Yes,No,N/A,4,N/A,20,9.18E+11,"Kharghar, Navi Mumbai",Fast food restaurant,"Recommended ,Misal ,Snacks ,Drinks (Beverages) .","Street Food, Maharashtrian",?200 for two people (approx.),"very good misal with quantity of Farsan and spice levels. good quality with sprouts and proper packaging. 2.Spicy and tasty misal , farsan was so awesome , and vada was also good !! Best poha i ever had , must try from here !!! ?? Recommended. 3.Perfect taste at a very reasonable price.",,Dine-in,"Kharghar, Navi Mumbai"
https://www.zomato.com/mumbai/nothing-but-chicken-kharghar-navi-mumbai/order,"Shop 5, Plot 48, Ground Floor, Sai Moksh CHS, Sector-15, Kharghar, Navi Mumbai",Nothing But Chicken,Yes,No,N/A,4,N/A,748,9.19E+11,"Kharghar, Navi Mumbai",Chicken shop,"Recommended ,NBC Signature ,Family Combos ,Grilled Chicken Salads ,Corn Fed Fresh Chicken ,Pre-Marinated Chicken ,Pow Wow ,Sausages and Salamis ,Classic Chicken Snacks .","Fast Food, Salad",?200 for one order (approx.),portion was less for the price. 2.extremely good taste..very satisfying. 3.it can't be said as vada pav...it is chicken burger. the chicken patties are not tasty.,,Delivery,"Kharghar, Navi Mumbai"
https://www.zomato.com/mumbai/sai-krupa-pure-veg-restaurant-1-kharghar-navi-mumbai/order,"Shop 1B, Plot 184, Haware Tiara Complex, Sector 13, Kharghar, Navi Mumbai",Sai Krupa Pure Veg Restaurant,Yes,No,3.3,3.4,33,728,9.19E+11,"Kharghar, Navi Mumbai",Restaurant,"Recommended ,Chaap Curries,Accompaniments ,Snacks ,Starters ,Pav Bhaji ,Sandwiches ,Soups ,Dal,Chinese ,Rolls,Indian,Dosa And Uttappa ,Fasting Foods,Basmati Ka Khajana,Combo ,Exclusive Combos @ 229,Beverages Combos @ 229,Papad ,Curd And Raita,Lunch And Dinner ,Salad,Fruits Salad & Jelly,Milk Shakes ,Maggie ,Drinks (Beverages),Dessert ,Paan ,Roti,Match Day Special Combos ,Punjabi Dishes (Main Course) ,Roti (Breads) .","North Indian, South Indian, Chinese, Maharashtrian, Street Food, Sandwich, Biryani, Beverages",?500 for two people (approx.),"Lassi has horrible taste. 2. This wasn’t pav bhaji. This was pav gravy. 3.I order from Zomato Kaju paneer, Veg kolhapuri and butter roti. But I received the order from Swiggy at my address but I received only kaju paneer and Veg kolhapuri bhaji only. I haven't received Butter roti, get back to me as soon as possible. I paid full amount for my hole family's lunch but you or your delivery boy misbehave with my order I don't know. Worst and foolish service from Zomato. your fello customer service executive is not ready to answer of my question, I have all proof with me to prove it just like to say call recording and screenshot of whichever she had a word with me. get back to me ASAP, or else I am going to raise the complaint against your shameless company and Sue...read more",,Dine-in,"Kharghar, Navi Mumbai"
https://www.zomato.com/mumbai/maharani-foods-kharghar-navi-mumbai/order,"Shop 3, Plot 120, Peace Villa, Sector 10, Kharghar, Navi Mumbai",Maharani Foods,Yes,No,3.7,4.1,36,2140,9.18E+11,"Kharghar, Navi Mumbai",Catering,"Recommended ,Combos and Thali,Main Course ,Breads ,Rice ,Desserts ,Snacks ,Drinks (Beverages).","Bengali, North Indian",?300 for two people (approx.),Very less quantity I got it in a small cup… taste was good.  2. quantity is really less. 3.Very disappointed with quantity of food and taste also very bad ??.,,Dine-in,"Kharghar, Navi Mumbai"
https://www.zomato.com/mumbai/ikka-pallavi-avida-kalamboli-navi-mumbai/order,"Hotel Pallavi Avida, Site 6, Roadpalli, Sector 10 E, Near Reliance Mart, Kalamboli, Navi Mumbai",Ikka - Pallavi Avida,Yes,No,4.3,3.2,1008,271,9.18E+11,"Kalamboli, Navi Mumbai",Restaurant,"Recommended ,Breakfast,Soups and Salad ,Starters,Main Course ,Breads ,South Indian ,Pizza and Pasta ,Burgers and Sandwiches ,Snacks ,Accompaniment,Drinks (Beverages).","North Indian, Chinese, Fast Food","?1,200 for two people (approx.)","chicken handi 4 pieces for 400?
shameless people.. 2.Misleading pics of place and horrible food made me spoil my anniversary dinner. Really very disappointed with the tasteless food and below average ambience. Service was gud. 3.Very good hotel with delicious food staff are very helpful specially mr.munna are given good service and good suggestion for menu choice.",,Dine-in,"Kalamboli, Navi Mumbai"
https://www.zomato.com/mumbai/la-crosta-kharghar-navi-mumbai/order,"Shop 8, Vakratund Society, Sector 4, Near Yerela Medical College, Kharghar, Navi Mumbai",La Crosta,Yes,No,4.2,4.1,573,8798,9.19E+11,"Kharghar, Navi Mumbai",Italian restaurant,"Today's Exclusive Dishes ,Recommended,Appetizers ,Fries ,Special Combos ,Meal Deals ,Salads ,Healthy Wraps ,Pizza and Pasta ,Sandwiches and Burgers ,Drinks (Beverages) ,Desserts .","Sandwich, Burger, Pizza, Italian, Beverages",?500 for two people (approx.),amazing food. 2.i want replacement. 3.it was a nice treat! everything we ordered arrived on time and the food tastes good.,,Dine-in,"Kharghar, Navi Mumbai"
